{
  "full": {
    "total_return": -0.002552417248396055,
    "annualized_return": -0.0052223436658077604,
    "annualized_volatility": 0.008070963879177417,
    "sharpe_ratio": -0.6447302240537167,
    "sortino_ratio": -0.16459903917504712,
    "max_drawdown": -0.0065434896978681205,
    "calmar_ratio": -0.7952322981186706,
    "hit_rate": 0.04878048780487805,
    "total_costs": 1922.95,
    "num_periods": 123
  }
}